{"volume_m3":0.012170576042234723,"mass_kg":95.53902193154258,"center_of_mass":[-2.4028056471151566e-17,3.815442840623201e-18,-1.530449456761246e-19],"bbox_m":[-0.2500000001,-0.2500000001,-0.075,0.25,0.2500000001,0.075]}