{"volume_m3":0.04017121679962064,"mass_kg":28.119851759734452,"center_of_mass":[-3.0450146638148154e-17,8.581317154631113e-18,-1.8547062276177275e-19],"bbox_m":[-0.5,-1.0,-1.1,0.5,1.0,1.1]}