{"volume_m3":0.2975574080528306,"mass_kg":2380.459264422645,"center_of_mass":[1.0897032263453356e-16,4.172561062328285e-17,2.1153062629056512e-16],"bbox_m":[-0.8,-0.6400000000000001,-0.78,0.8,0.6400000000000001,0.78]}